[
{
    "model": "users.customuser",
    "pk": 1,
    "fields": {
        "password": "pbkdf2_sha256$216000$1KxHDBWRSd4x$ieFKUFRElRR0rIRW0oDHy9/Mdw54k8tn0ifl5Xgu7ps=",
        "last_login": "2021-05-22T23:00:36.592",
        "is_superuser": false,
        "username": "testUser",
        "first_name": "test",
        "last_name": "user",
        "email": "testUser@i.com",
        "is_staff": false,
        "is_active": true,
        "date_joined": "2021-05-22T23:00:33.826",
        "groups": [],
        "user_permissions": []
    }
},
{
    "model": "projects.economicdata",
    "pk": 1,
    "fields": {
        "duration": 30,
        "currency": "EUR",
        "discount": 0.08,
        "tax": 0.0
    }
},
{
    "model": "projects.project",
    "pk": 1,
    "fields": {
        "date_created": "2021-05-22T23:12:04.137",
        "date_updated": "2021-05-22T23:12:04.137",
        "name": "Benchmark test for sector coupled system and electricity price time series",
        "description": "Benchmark test for sector coupled system and electricity price time series 1.",
        "country": "GERMANY",
        "latitude": 51.264664,
        "longitude": 10.408966,
        "economic_data": 1,
        "user": 1,
        "viewers": []
    }
},
{
    "model": "projects.scenario",
    "pk": 1,
    "fields": {
        "name": "A+F+G",
        "start_date": "2018-01-01T00:00:00",
        "time_step": 60,
        "capex_fix": 0.0,
        "capex_var": 0.0,
        "opex_fix": 0.0,
        "opex_var": 0.0,
        "evaluated_period": 7,
        "project": 1
    }
},
{
    "model": "projects.assettype",
    "pk": 1,
    "fields": {
        "asset_type": "dso",
        "asset_category": "energy_provider",
        "energy_vector": "Electricity",
        "mvs_type": "source",
        "asset_fields": "[name,energy_price,feedin_tariff,peak_demand_pricing,peak_demand_pricing_period,renewable_share]",
        "unit": null
    }
},
{
    "model": "projects.assettype",
    "pk": 2,
    "fields": {
        "asset_type": "gas_dso",
        "asset_category": "energy_provider",
        "energy_vector": "Gas",
        "mvs_type": "source",
        "asset_fields": "[name,energy_price,feedin_tariff,peak_demand_pricing,peak_demand_pricing_period,renewable_share]",
        "unit": null
    }
},
{
    "model": "projects.assettype",
    "pk": 3,
    "fields": {
        "asset_type": "h2_dso",
        "asset_category": "energy_provider",
        "energy_vector": "H2",
        "mvs_type": "source",
        "asset_fields": "[name,energy_price,feedin_tariff,peak_demand_pricing,peak_demand_pricing_period,renewable_share]",
        "unit": null
    }
},
{
    "model": "projects.assettype",
    "pk": 4,
    "fields": {
        "asset_type": "heat_dso",
        "asset_category": "energy_provider",
        "energy_vector": "Heat",
        "mvs_type": "source",
        "asset_fields": "[name,energy_price,feedin_tariff,peak_demand_pricing,peak_demand_pricing_period,renewable_share]",
        "unit": null
    }
},
{
    "model": "projects.assettype",
    "pk": 5,
    "fields": {
        "asset_type": "demand",
        "asset_category": "energy_consumption",
        "energy_vector": "Electricity",
        "mvs_type": "sink",
        "asset_fields": "[name,input_timeseries]",
        "unit": "kWh"
    }
},
{
    "model": "projects.assettype",
    "pk": 6,
    "fields": {
        "asset_type": "gas_demand",
        "asset_category": "energy_consumption",
        "energy_vector": "Gas",
        "mvs_type": "sink",
        "asset_fields": "[name,input_timeseries]",
        "unit": null
    }
},
{
    "model": "projects.assettype",
    "pk": 7,
    "fields": {
        "asset_type": "h2_demand",
        "asset_category": "energy_consumption",
        "energy_vector": "H2",
        "mvs_type": "sink",
        "asset_fields": "[name,input_timeseries]",
        "unit": null
    }
},
{
    "model": "projects.assettype",
    "pk": 8,
    "fields": {
        "asset_type": "heat_demand",
        "asset_category": "energy_consumption",
        "energy_vector": "Heat",
        "mvs_type": "sink",
        "asset_fields": "[name,input_timeseries]",
        "unit": null
    }
},
{
    "model": "projects.assettype",
    "pk": 9,
    "fields": {
        "asset_type": "transformer_station_in",
        "asset_category": "energy_conversion",
        "energy_vector": "Electricity",
        "mvs_type": "transformer",
        "asset_fields": "[name,age_installed,installed_capacity,capex_fix,capex_var,opex_fix,opex_var,lifetime,optimize_cap,efficiency]",
        "unit": "kVA"
    }
},
{
    "model": "projects.assettype",
    "pk": 10,
    "fields": {
        "asset_type": "transformer_station_out",
        "asset_category": "energy_conversion",
        "energy_vector": "Electricity",
        "mvs_type": "transformer",
        "asset_fields": "[name,age_installed,installed_capacity,capex_fix,capex_var,opex_fix,opex_var,lifetime,optimize_cap,efficiency]",
        "unit": "kVA"
    }
},
{
    "model": "projects.assettype",
    "pk": 11,
    "fields": {
        "asset_type": "storage_charge_controller_in",
        "asset_category": "energy_conversion",
        "energy_vector": "Electricity",
        "mvs_type": "transformer",
        "asset_fields": "[name,age_installed,installed_capacity,capex_fix,capex_var,opex_fix,opex_var,lifetime,optimize_cap,efficiency]",
        "unit": "kVA"
    }
},
{
    "model": "projects.assettype",
    "pk": 12,
    "fields": {
        "asset_type": "storage_charge_controller_out",
        "asset_category": "energy_conversion",
        "energy_vector": "Electricity",
        "mvs_type": "transformer",
        "asset_fields": "[name,age_installed,installed_capacity,capex_fix,capex_var,opex_fix,opex_var,lifetime,optimize_cap,efficiency]",
        "unit": "kVA"
    }
},
{
    "model": "projects.assettype",
    "pk": 13,
    "fields": {
        "asset_type": "solar_inverter",
        "asset_category": "energy_conversion",
        "energy_vector": "Electricity",
        "mvs_type": "transformer",
        "asset_fields": "[name,age_installed,installed_capacity,capex_fix,capex_var,opex_fix,opex_var,lifetime,optimize_cap,efficiency]",
        "unit": "kVA"
    }
},
{
    "model": "projects.assettype",
    "pk": 14,
    "fields": {
        "asset_type": "diesel_generator",
        "asset_category": "energy_conversion",
        "energy_vector": "Electricity",
        "mvs_type": "transformer",
        "asset_fields": "[name,age_installed,installed_capacity,capex_fix,capex_var,opex_fix,opex_var,lifetime,optimize_cap,efficiency]",
        "unit": "kVA"
    }
},
{
    "model": "projects.assettype",
    "pk": 15,
    "fields": {
        "asset_type": "fuel_cell",
        "asset_category": "energy_conversion",
        "energy_vector": "Electricity",
        "mvs_type": "transformer",
        "asset_fields": "[name,age_installed,installed_capacity,capex_fix,capex_var,opex_fix,opex_var,lifetime,optimize_cap,efficiency]",
        "unit": "kVA"
    }
},
{
    "model": "projects.assettype",
    "pk": 16,
    "fields": {
        "asset_type": "gas_boiler",
        "asset_category": "energy_conversion",
        "energy_vector": "Gas",
        "mvs_type": "transformer",
        "asset_fields": "[name,age_installed,installed_capacity,capex_fix,capex_var,opex_fix,opex_var,lifetime,optimize_cap,efficiency]",
        "unit": "kVA"
    }
},
{
    "model": "projects.assettype",
    "pk": 17,
    "fields": {
        "asset_type": "electrolyzer",
        "asset_category": "energy_conversion",
        "energy_vector": "H2",
        "mvs_type": "transformer",
        "asset_fields": "[name,age_installed,installed_capacity,capex_fix,capex_var,opex_fix,opex_var,lifetime,optimize_cap,efficiency]",
        "unit": "kVA"
    }
},
{
    "model": "projects.assettype",
    "pk": 18,
    "fields": {
        "asset_type": "heat_pump",
        "asset_category": "energy_conversion",
        "energy_vector": "Heat",
        "mvs_type": "transformer",
        "asset_fields": "[name,age_installed,installed_capacity,capex_fix,capex_var,opex_fix,opex_var,lifetime,optimize_cap,efficiency]",
        "unit": "kVA"
    }
},
{
    "model": "projects.assettype",
    "pk": 19,
    "fields": {
        "asset_type": "pv_plant",
        "asset_category": "energy_production",
        "energy_vector": "Electricity",
        "mvs_type": "source",
        "asset_fields": "[name,age_installed,installed_capacity,capex_fix,capex_var,opex_fix,opex_var,lifetime,optimize_cap, renewable_asset, input_timeseries]",
        "unit": "kWh"
    }
},
{
    "model": "projects.assettype",
    "pk": 20,
    "fields": {
        "asset_type": "wind_plant",
        "asset_category": "energy_production",
        "energy_vector": "Electricity",
        "mvs_type": "source",
        "asset_fields": "[name,age_installed,installed_capacity,capex_fix,capex_var,opex_fix,opex_var,lifetime,optimize_cap, renewable_asset, input_timeseries]",
        "unit": "kWh"
    }
},
{
    "model": "projects.assettype",
    "pk": 21,
    "fields": {
        "asset_type": "biogas_plant",
        "asset_category": "energy_production",
        "energy_vector": "Gas",
        "mvs_type": "source",
        "asset_fields": "[name,age_installed,installed_capacity,capex_fix,capex_var,opex_fix,opex_var,lifetime,optimize_cap, renewable_asset, input_timeseries]",
        "unit": null
    }
},
{
    "model": "projects.assettype",
    "pk": 22,
    "fields": {
        "asset_type": "geothermal_conversion",
        "asset_category": "energy_production",
        "energy_vector": "Electricity",
        "mvs_type": "source",
        "asset_fields": "[name,age_installed,installed_capacity,capex_fix,capex_var,opex_fix,opex_var,lifetime,optimize_cap, renewable_asset, input_timeseries]",
        "unit": "kWh"
    }
},
{
    "model": "projects.assettype",
    "pk": 23,
    "fields": {
        "asset_type": "solar_thermal_plant",
        "asset_category": "energy_production",
        "energy_vector": "Heat",
        "mvs_type": "source",
        "asset_fields": "[name,age_installed,installed_capacity,capex_fix,capex_var,opex_fix,opex_var,lifetime,optimize_cap, renewable_asset, input_timeseries]",
        "unit": null
    }
},
{
    "model": "projects.assettype",
    "pk": 24,
    "fields": {
        "asset_type": "charging_power",
        "asset_category": "energy_storage",
        "energy_vector": "Electricity",
        "mvs_type": "storage",
        "asset_fields": "[name,age_installed,installed_capacity,capex_fix,capex_var,opex_fix,opex_var,lifetime,crate,efficiency]",
        "unit": "kW"
    }
},
{
    "model": "projects.assettype",
    "pk": 25,
    "fields": {
        "asset_type": "discharging_power",
        "asset_category": "energy_storage",
        "energy_vector": "Electricity",
        "mvs_type": "storage",
        "asset_fields": "[name,age_installed,installed_capacity,capex_fix,capex_var,opex_fix,opex_var,lifetime,crate,efficiency]",
        "unit": "kW"
    }
},
{
    "model": "projects.assettype",
    "pk": 26,
    "fields": {
        "asset_type": "capacity",
        "asset_category": "energy_storage",
        "energy_vector": "Electricity",
        "mvs_type": "storage",
        "asset_fields": "[name,age_installed,installed_capacity,capex_fix,capex_var,opex_fix,opex_var,lifetime,optimize_cap,efficiency,soc_max,soc_min]",
        "unit": "kWh"
    }
},
{
    "model": "projects.assettype",
    "pk": 27,
    "fields": {
        "asset_type": "bess",
        "asset_category": "energy_storage",
        "energy_vector": "Electricity",
        "mvs_type": "storage",
        "asset_fields": "[name]",
        "unit": "kW (el)"
    }
},
{
    "model": "projects.assettype",
    "pk": 28,
    "fields": {
        "asset_type": "gess",
        "asset_category": "energy_storage",
        "energy_vector": "Gas",
        "mvs_type": "storage",
        "asset_fields": "[name]",
        "unit": "l"
    }
},
{
    "model": "projects.assettype",
    "pk": 29,
    "fields": {
        "asset_type": "h2ess",
        "asset_category": "energy_storage",
        "energy_vector": "H2",
        "mvs_type": "storage",
        "asset_fields": "[name]",
        "unit": "kgH2"
    }
},
{
    "model": "projects.assettype",
    "pk": 30,
    "fields": {
        "asset_type": "hess",
        "asset_category": "energy_storage",
        "energy_vector": "Heat",
        "mvs_type": "storage",
        "asset_fields": "[name]",
        "unit": "kW (therm)"
    }
},
{
    "model": "projects.valuetype",
    "pk": 1,
    "fields": {
        "type": "duration",
        "unit": "year"
    }
},
{
    "model": "projects.valuetype",
    "pk": 2,
    "fields": {
        "type": "annuity_factor",
        "unit": ""
    }
},
{
    "model": "projects.valuetype",
    "pk": 3,
    "fields": {
        "type": "discount",
        "unit": "factor"
    }
},
{
    "model": "projects.valuetype",
    "pk": 4,
    "fields": {
        "type": "tax",
        "unit": "factor"
    }
},
{
    "model": "projects.valuetype",
    "pk": 5,
    "fields": {
        "type": "crf",
        "unit": ""
    }
},
{
    "model": "projects.valuetype",
    "pk": 6,
    "fields": {
        "type": "crate",
        "unit": "factor of total capacity (kWh)"
    }
},
{
    "model": "projects.valuetype",
    "pk": 7,
    "fields": {
        "type": "age_installed",
        "unit": "year"
    }
},
{
    "model": "projects.valuetype",
    "pk": 8,
    "fields": {
        "type": "soc_max",
        "unit": "factor"
    }
},
{
    "model": "projects.valuetype",
    "pk": 9,
    "fields": {
        "type": "soc_min",
        "unit": "factor"
    }
},
{
    "model": "projects.valuetype",
    "pk": 10,
    "fields": {
        "type": "capex_fix",
        "unit": "currency"
    }
},
{
    "model": "projects.valuetype",
    "pk": 11,
    "fields": {
        "type": "opex_var",
        "unit": "currency/unit/year"
    }
},
{
    "model": "projects.valuetype",
    "pk": 12,
    "fields": {
        "type": "efficiency",
        "unit": "factor"
    }
},
{
    "model": "projects.valuetype",
    "pk": 13,
    "fields": {
        "type": "installed_capacity",
        "unit": "unit"
    }
},
{
    "model": "projects.valuetype",
    "pk": 14,
    "fields": {
        "type": "lifetime",
        "unit": "year"
    }
},
{
    "model": "projects.valuetype",
    "pk": 15,
    "fields": {
        "type": "maximum_capacity",
        "unit": "kW"
    }
},
{
    "model": "projects.valuetype",
    "pk": 16,
    "fields": {
        "type": "energy_price",
        "unit": "currency/kWh"
    }
},
{
    "model": "projects.valuetype",
    "pk": 17,
    "fields": {
        "type": "feedin_tariff",
        "unit": "currency/kWh"
    }
},
{
    "model": "projects.valuetype",
    "pk": 18,
    "fields": {
        "type": "optimize_cap",
        "unit": "bool"
    }
},
{
    "model": "projects.valuetype",
    "pk": 19,
    "fields": {
        "type": "peak_demand_pricing",
        "unit": "currency/kW"
    }
},
{
    "model": "projects.valuetype",
    "pk": 20,
    "fields": {
        "type": "peak_demand_pricing_period",
        "unit": "times per year (1,2,3,4,6,12)"
    }
},
{
    "model": "projects.valuetype",
    "pk": 21,
    "fields": {
        "type": "renewable_share",
        "unit": "factor"
    }
},
{
    "model": "projects.valuetype",
    "pk": 22,
    "fields": {
        "type": "capex_var",
        "unit": "currency/unit"
    }
},
{
    "model": "projects.valuetype",
    "pk": 23,
    "fields": {
        "type": "opex_fix",
        "unit": "currency/year"
    }
},
{
    "model": "projects.valuetype",
    "pk": 24,
    "fields": {
        "type": "specific_costs_om",
        "unit": "currency/year"
    }
},
{
    "model": "projects.valuetype",
    "pk": 25,
    "fields": {
        "type": "input_timeseries",
        "unit": "kWh"
    }
},
{
    "model": "projects.valuetype",
    "pk": 26,
    "fields": {
        "type": "evaluated_period",
        "unit": "days"
    }
},
{
    "model": "projects.valuetype",
    "pk": 27,
    "fields": {
        "type": "renewable_asset",
        "unit": "bool"
    }
},
{
    "model": "projects.asset",
    "pk": 1,
    "fields": {
        "name": "demand_elec",
        "pos_x": 844.0,
        "pos_y": 166.14999389648438,
        "scenario": 1,
        "parent_asset": null,
        "unique_id": "b3b3553c-170c-41dd-afb1-0761357d8aed",
        "capex_fix": null,
        "capex_var": null,
        "opex_fix": null,
        "opex_var": null,
        "lifetime": null,
        "input_timeseries": "[638.4483146841566, 756.0975609756099, 857.1252591153891, 934.6465384314336, 983.3784518483263, 1000.0, 983.3784518483263, 934.6465384314336, 857.1252591153891, 756.0975609756099, 638.4483146841567, 512.1951219512197, 385.9419292182826, 268.29268292682946, 167.26498478705022, 89.74370547100571, 41.01179205411304, 24.390243902439046, 41.011792054112995, 89.74370547100558, 167.26498478704997, 268.2926829268291, 385.9419292182822, 512.1951219512193, 638.4483146841567, 756.0975609756099, 857.1252591153891, 934.6465384314336, 983.3784518483263, 1000.0, 983.3784518483263, 934.6465384314336, 857.1252591153891, 756.0975609756099, 638.4483146841566, 512.1951219512198, 385.94192921828295, 268.29268292682974, 167.2649847870505, 89.74370547100554, 41.011792054113315, 24.390243902439046, 41.011792054112995, 89.74370547100531, 167.2649847870502, 268.2926829268286, 385.94192921828255, 512.1951219512193, 638.4483146841561, 756.0975609756102, 857.1252591153888, 934.6465384314336, 983.3784518483263, 1000.0, 983.3784518483263, 934.6465384314339, 857.1252591153896, 756.0975609756099, 638.4483146841567, 512.1951219512208, 385.9419292182831, 268.2926829268298, 167.26498478704997, 89.74370547100601, 41.0117920541131, 24.390243902439046, 41.01179205411294, 89.74370547100571, 167.26498478704946, 268.2926829268293, 385.9419292182833, 512.1951219512192, 638.4483146841551, 756.0975609756093, 857.1252591153891, 934.6465384314331, 983.3784518483263, 1000.0, 983.3784518483263, 934.6465384314336, 857.1252591153896, 756.0975609756115, 638.448314684156, 512.1951219512199, 385.94192921828227, 268.29268292683, 167.26498478705125, 89.74370547100608, 41.01179205411315, 24.390243902439046, 41.01179205411288, 89.74370547100479, 167.26498478704943, 268.2926829268292, 385.94192921828324, 512.1951219512192, 638.4483146841551, 756.0975609756093, 857.1252591153891, 934.6465384314339, 983.3784518483263, 1000.0, 983.3784518483263, 934.6465384314336, 857.1252591153888, 756.09756097561, 638.4483146841577, 512.1951219512201, 385.94192921828414, 268.2926829268285, 167.2649847870501, 89.74370547100614, 41.01179205411315, 24.390243902439046, 41.011792054113315, 89.74370547100558, 167.26498478704931, 268.29268292682906, 385.94192921828136, 512.1951219512173, 638.4483146841567, 756.097560975609, 857.1252591153878, 934.6465384314329, 983.3784518483263, 1000.0, 983.3784518483255, 934.6465384314344, 857.12525911539, 756.0975609756102, 638.4483146841561, 512.1951219512185, 385.94192921828426, 268.29268292683014, 167.26498478705022, 89.74370547100531, 41.01179205411277, 24.390243902439046, 41.01179205411283, 89.74370547100547, 167.26498478704798, 268.2926829268305, 385.94192921828125, 512.1951219512189, 638.4483146841566, 756.0975609756076, 857.12525911539, 934.6465384314329, 983.3784518483263, 1000.0, 983.3784518483268, 934.6465384314344, 857.12525911539, 756.0975609756102, 638.4483146841563, 512.1951219512221, 385.94192921828443, 268.29268292683025, 167.26498478705025, 89.74370547100537, 41.0117920541137, 24.390243902439046, 41.01179205411283, 89.7437054710037, 167.2649847870479, 268.29268292683037, 385.9419292182845, 512.1951219512188]",
        "crate": null,
        "efficiency": null,
        "soc_max": null,
        "soc_min": null,
        "dispatchable": null,
        "maximum_capacity": null,
        "energy_price": null,
        "feedin_tariff": null,
        "peak_demand_pricing": null,
        "peak_demand_pricing_period": null,
        "renewable_share": null,
        "renewable_asset": null,
        "asset_type": 5,
        "optimize_cap": null,
        "installed_capacity": null,
        "age_installed": null
    }
},
{
    "model": "projects.asset",
    "pk": 2,
    "fields": {
        "name": "demand_heat",
        "pos_x": 804.0,
        "pos_y": 367.1499938964844,
        "scenario": 1,
        "parent_asset": null,
        "unique_id": "edca0c84-981d-4d4b-a1bc-e1bdcfe9ce80",
        "capex_fix": null,
        "capex_var": null,
        "opex_fix": null,
        "opex_var": null,
        "lifetime": null,
        "input_timeseries": "[36.68099637, 37.18763997, 35.87036662, 39.51820051, 54.7175084, 62.31716235, 44.88862264, 43.47002056, 44.38197904, 44.38197904, 40.63281642, 42.76071953, 38.80889948, 38.70757076, 41.44344618, 45.29393751, 41.84876105, 43.77400672, 43.16603441, 40.83547387, 42.96337696, 36.88365381, 36.7823251, 35.97169534, 35.87374973, 36.3692435, 35.08095967, 38.64851489, 53.51332832, 60.94573503, 43.90074897, 42.51336638, 43.40525519, 43.40525519, 39.73860121, 41.8196751, 37.954823600000005, 37.85572484, 40.53139126, 44.29714399, 40.92778628, 42.81066265, 42.21607012, 39.93679873, 42.017872600000004, 36.07194723, 35.97284848, 35.18005843, 34.80457757, 35.12194454, 35.22773352, 40.94033896, 48.45135722, 48.6629352, 57.44342133, 59.13604517, 57.02026537, 54.48132963, 50.99029297, 49.29766914, 46.97031137, 46.97031137, 45.38347652, 44.642953600000006, 41.99822886, 42.31559583, 40.09402704, 39.35350411, 38.71877018, 34.69878858, 31.94827484, 33.21774272, 34.92335369, 35.24180372, 35.34795373, 41.08005433, 48.61670513, 48.82900515, 57.63945608, 59.33785626, 57.21485604, 54.66725576, 51.1643054, 49.46590521, 47.13060497, 47.13060497, 45.53835481, 44.79530473, 42.14155444, 42.46000448, 40.23085425, 39.48780417, 38.8509041, 34.81720367, 32.05730338, 33.33110352, 35.45364562, 35.45364562, 34.91154095, 38.70627366, 45.10310881, 46.29573908, 61.58309087, 64.1851933, 61.366248999999996, 57.89677909, 54.64415106, 52.47573236, 48.89784152, 47.81363217, 45.10310881, 44.66942506, 41.85048077, 42.39258544, 41.09153422, 40.87469235, 39.57364114, 36.53785497, 33.39364787, 33.93575254, 32.930839399999996, 31.54427774, 35.01068189, 40.21028812, 40.12362802, 41.94349019, 41.59684978, 40.29694822, 38.47708604, 36.31058345, 35.79062284, 35.01068189, 35.01068189, 34.92402179, 36.57056377, 38.04378553, 39.17036687, 38.91038656, 36.31058345, 33.88410055, 32.06423837, 29.72441557, 31.02431713, 23.36205968, 28.13147671, 25.86802457, 39.36789988, 51.33186124, 57.96054253, 38.80203685, 38.88287442, 35.89188408, 35.40685862, 33.3859192, 32.73921859, 30.79911674, 31.12246705, 30.9607919, 29.82906583, 30.87995433, 35.64937135, 32.49670586, 31.12246705, 32.98173132, 28.29315187, 25.70634941, 27.40393852, 27.40393852]",
        "crate": null,
        "efficiency": null,
        "soc_max": null,
        "soc_min": null,
        "dispatchable": null,
        "maximum_capacity": null,
        "energy_price": null,
        "feedin_tariff": null,
        "peak_demand_pricing": null,
        "peak_demand_pricing_period": null,
        "renewable_share": null,
        "renewable_asset": null,
        "asset_type": 8,
        "optimize_cap": null,
        "installed_capacity": null,
        "age_installed": null
    }
},
{
    "model": "projects.asset",
    "pk": 3,
    "fields": {
        "name": "heat_pump",
        "pos_x": 439.0,
        "pos_y": 400.0,
        "scenario": 1,
        "parent_asset": null,
        "unique_id": "9bbde7e2-ec4b-4bd8-a901-a4b210d4f2ac",
        "capex_fix": 0.0,
        "capex_var": 180.0,
        "opex_fix": 20.0,
        "opex_var": 0.0,
        "lifetime": 20,
        "input_timeseries": null,
        "crate": null,
        "efficiency": 3.5,
        "soc_max": null,
        "soc_min": null,
        "dispatchable": null,
        "maximum_capacity": null,
        "energy_price": null,
        "feedin_tariff": null,
        "peak_demand_pricing": null,
        "peak_demand_pricing_period": null,
        "renewable_share": null,
        "renewable_asset": null,
        "asset_type": 18,
        "optimize_cap": false,
        "installed_capacity": 250.0,
        "age_installed": 0.0
    }
},
{
    "model": "projects.asset",
    "pk": 4,
    "fields": {
        "name": "Grid_DSO",
        "pos_x": 87.0,
        "pos_y": 114.14999389648438,
        "scenario": 1,
        "parent_asset": null,
        "unique_id": "afd268c6-0c8d-4434-ac4d-92b106a098c9",
        "capex_fix": null,
        "capex_var": null,
        "opex_fix": null,
        "opex_var": null,
        "lifetime": null,
        "input_timeseries": null,
        "crate": null,
        "efficiency": null,
        "soc_max": null,
        "soc_min": null,
        "dispatchable": null,
        "maximum_capacity": null,
        "energy_price": 0.1,
        "feedin_tariff": 0.0,
        "peak_demand_pricing": 0.0,
        "peak_demand_pricing_period": 1,
        "renewable_share": 0.1,
        "renewable_asset": null,
        "asset_type": 1,
        "optimize_cap": true,
        "installed_capacity": null,
        "age_installed": null
    }
},
{
    "model": "projects.asset",
    "pk": 5,
    "fields": {
        "name": "Heat_DSO",
        "pos_x": -117.0,
        "pos_y": 413.0,
        "scenario": 1,
        "parent_asset": null,
        "unique_id": "185bd7bc-f104-473a-8bd0-6cc52a53a6c0",
        "capex_fix": null,
        "capex_var": null,
        "opex_fix": null,
        "opex_var": null,
        "lifetime": null,
        "input_timeseries": null,
        "crate": null,
        "efficiency": null,
        "soc_max": null,
        "soc_min": null,
        "dispatchable": null,
        "maximum_capacity": null,
        "energy_price": 0.056,
        "feedin_tariff": 0.0,
        "peak_demand_pricing": 0.0,
        "peak_demand_pricing_period": 1,
        "renewable_share": 0.1,
        "renewable_asset": null,
        "asset_type": 4,
        "optimize_cap": true,
        "installed_capacity": null,
        "age_installed": null
    }
},
{
    "model": "projects.asset",
    "pk": 7,
    "fields": {
        "name": "Grid_DSO_consumption_period",
        "pos_x": 389.0,
        "pos_y": 104.0,
        "scenario": 1,
        "parent_asset": null,
        "unique_id": "91c95540-a07c-4f0b-b33f-799dc2712bd0",
        "capex_fix": 0.0,
        "capex_var": 0.0,
        "opex_fix": 0.0,
        "opex_var": 0.0,
        "lifetime": 30,
        "input_timeseries": null,
        "crate": null,
        "efficiency": 1.0,
        "soc_max": null,
        "soc_min": null,
        "dispatchable": null,
        "maximum_capacity": null,
        "energy_price": null,
        "feedin_tariff": null,
        "peak_demand_pricing": null,
        "peak_demand_pricing_period": null,
        "renewable_share": null,
        "renewable_asset": null,
        "asset_type": 9,
        "optimize_cap": true,
        "installed_capacity": 0.0,
        "age_installed": 0.0
    }
},
{
    "model": "projects.asset",
    "pk": 8,
    "fields": {
        "name": "Heat_DSO_consumption_period",
        "pos_x": 309.0,
        "pos_y": 451.0,
        "scenario": 1,
        "parent_asset": null,
        "unique_id": "96f940f9-fd05-4bb0-b12d-2411bbfbb947",
        "capex_fix": 0.0,
        "capex_var": 0.0,
        "opex_fix": 0.0,
        "opex_var": 0.0,
        "lifetime": 30,
        "input_timeseries": null,
        "crate": null,
        "efficiency": 1.0,
        "soc_max": null,
        "soc_min": null,
        "dispatchable": null,
        "maximum_capacity": null,
        "energy_price": null,
        "feedin_tariff": null,
        "peak_demand_pricing": null,
        "peak_demand_pricing_period": null,
        "renewable_share": null,
        "renewable_asset": null,
        "asset_type": 18,
        "optimize_cap": true,
        "installed_capacity": 0.0,
        "age_installed": 0.0
    }
},
{
    "model": "projects.asset",
    "pk": 9,
    "fields": {
        "name": "Grid_DSO_consumption",
        "pos_x": -186.25,
        "pos_y": 251.125030517578,
        "scenario": 1,
        "parent_asset": null,
        "unique_id": "7cddfa72-c7e4-412e-bfe7-ab1041611747",
        "capex_fix": 0.0,
        "capex_var": 0.0,
        "opex_fix": 0.0,
        "opex_var": 0.1,
        "lifetime": 30,
        "input_timeseries": "[648.9286, 766.7226, 867.37394, 945.93745, 999.01203, 1017.8049, 996.20377, 947.06654, 869.80582, 768.77813, 650.05769, 512.19512, 385.94193, 268.29268, 167.26498, 89.743705, 52.968581, 36.897103, 53.344945, 101.41098, 179.54024, 278.83087, 396.45116, 522.47275, 648.69796, 766.48877, 867.14839, 945.68897, 998.66797, 1017.4131, 995.92152, 946.79321, 869.52676, 768.49906, 649.8022, 512.19512, 385.94193, 268.29268, 167.26498, 89.743705, 52.705445, 36.621862, 53.073526, 101.15422, 179.27009, 278.59895, 396.21989, 522.24657, 648.39248, 766.1324, 867.19033, 946.34378, 997.2217, 1013.9037, 999.79086, 951.54255, 873.41676, 771.66366, 653.01697, 512.19512, 385.94193, 268.29268, 167.26498, 89.743705, 53.011286, 36.480414, 52.467228, 100.98756, 178.32749, 278.20662, 395.07001, 521.68591, 648.42642, 766.16665, 867.22467, 946.3837, 997.26894, 1013.9511, 999.84687, 951.60021, 873.47236, 771.71678, 653.06669, 512.19512, 385.94193, 268.29268, 167.26498, 89.743705, 53.052236, 36.521674, 52.506322, 101.02594, 178.36524, 278.24046, 395.10116, 521.71829, 648.57793, 766.22717, 867.09999, 945.70547, 996.26505, 1013.2274, 1000.9736, 952.98517, 874.65847, 772.6395, 654.06093, 512.19512, 385.94193, 268.29268, 167.26498, 89.743705, 52.969072, 36.502411, 52.75223, 101.42219, 178.57174, 278.73207, 395.48297, 521.89105, 647.85713, 765.11021, 867.12831, 946.13519, 994.84235, 1011.9839, 995.26327, 946.15995, 868.11871, 766.47201, 648.67421, 512.19512, 385.94193, 268.29268, 167.26498, 89.743705, 52.203325, 35.507497, 51.386244, 99.424877, 176.4262, 276.78537, 394.80602, 518.87, 646.48588, 763.48843, 868.37323, 949.31278, 999.93861, 1011.0863, 994.48784, 944.90136, 867.2415, 765.6364, 647.80238, 512.19512, 385.94193, 268.29268, 167.26498, 89.743705, 51.197327, 33.675017, 49.903925, 99.167057, 175.34874, 275.63735, 393.77163, 520.02482]",
        "crate": null,
        "efficiency": null,
        "soc_max": null,
        "soc_min": null,
        "dispatchable": null,
        "maximum_capacity": null,
        "energy_price": null,
        "feedin_tariff": null,
        "peak_demand_pricing": null,
        "peak_demand_pricing_period": null,
        "renewable_share": null,
        "renewable_asset": false,
        "asset_type": 19,
        "optimize_cap": true,
        "installed_capacity": 0.0,
        "age_installed": 0.0
    }
},
{
    "model": "projects.asset",
    "pk": 10,
    "fields": {
        "name": "Heat_DSO_consumption",
        "pos_x": 135.5,
        "pos_y": 401.0,
        "scenario": 1,
        "parent_asset": null,
        "unique_id": "ebd027f6-e334-4eb2-904b-ff1d5a645ea6",
        "capex_fix": 0.0,
        "capex_var": 0.0,
        "opex_fix": 0.0,
        "opex_var": 0.056,
        "lifetime": 30,
        "input_timeseries": "[0.0, 0.0, 0.0, 0.0, 0.0, 0.0, 0.0, 0.0, 0.0, 0.0, 0.0, 42.76072, 38.808899, 38.707571, 41.443446, 45.293938, 0.0, 0.0, 0.0, 0.0, 0.0, 0.0, 0.0, 0.0, 0.0, 0.0, 0.0, 0.0, 0.0, 0.0, 0.0, 0.0, 0.0, 0.0, 0.0, 41.819675, 37.954824, 37.855725, 40.531391, 44.297144, 0.0, 0.0, 0.0, 0.0, 0.0, 0.0, 0.0, 0.0, 0.0, 0.0, 0.0, 0.0, 0.0, 0.0, 0.0, 0.0, 0.0, 0.0, 0.0, 49.297669, 46.970311, 46.970311, 45.383477, 44.642954, 0.0, 0.0, 0.0, 0.0, 0.0, 0.0, 0.0, 0.0, 0.0, 0.0, 0.0, 0.0, 0.0, 0.0, 0.0, 0.0, 0.0, 0.0, 0.0, 49.465905, 47.130605, 47.130605, 45.538355, 44.795305, 0.0, 0.0, 0.0, 0.0, 0.0, 0.0, 0.0, 0.0, 0.0, 0.0, 0.0, 0.0, 0.0, 0.0, 0.0, 0.0, 0.0, 0.0, 0.0, 52.475732, 48.897842, 47.813632, 45.103109, 44.669425, 0.0, 0.0, 0.0, 0.0, 0.0, 0.0, 0.0, 0.0, 0.0, 0.0, 0.0, 0.0, 0.0, 0.0, 0.0, 0.0, 0.0, 0.0, 0.0, 35.010682, 35.010682, 34.924022, 36.570564, 38.043786, 0.0, 0.0, 0.0, 0.0, 0.0, 0.0, 0.0, 0.0, 0.0, 0.0, 0.0, 0.0, 0.0, 0.0, 0.0, 0.0, 0.0, 0.0, 0.0, 30.799117, 31.122467, 30.960792, 29.829066, 30.879954, 0.0, 0.0, 0.0, 0.0, 0.0, 0.0, 0.0, 0.0]",
        "crate": null,
        "efficiency": null,
        "soc_max": null,
        "soc_min": null,
        "dispatchable": null,
        "maximum_capacity": null,
        "energy_price": null,
        "feedin_tariff": null,
        "peak_demand_pricing": null,
        "peak_demand_pricing_period": null,
        "renewable_share": null,
        "renewable_asset": false,
        "asset_type": 23,
        "optimize_cap": true,
        "installed_capacity": 0.0,
        "age_installed": 0.0
    }
},
{
    "model": "projects.bus",
    "pk": 1,
    "fields": {
        "name": "Electricity",
        "pos_x": 513.0,
        "pos_y": 204.14999389648438,
        "scenario": 1,
        "parent_asset": null,
        "type": "Electricity",
        "input_ports": 1,
        "output_ports": 1
    }
},
{
    "model": "projects.bus",
    "pk": 2,
    "fields": {
        "name": "Heat",
        "pos_x": 578.0,
        "pos_y": 330.0,
        "scenario": 1,
        "parent_asset": null,
        "type": "Heat",
        "input_ports": 1,
        "output_ports": 1
    }
},
{
    "model": "projects.bus",
    "pk": 3,
    "fields": {
        "name": "Electricity_pdp",
        "pos_x": 229.0,
        "pos_y": 157.14999389648438,
        "scenario": 1,
        "parent_asset": null,
        "type": "Electricity",
        "input_ports": 1,
        "output_ports": 1
    }
},
{
    "model": "projects.bus",
    "pk": 4,
    "fields": {
        "name": "Heat_pdp",
        "pos_x": 209.0,
        "pos_y": 327.1499938964844,
        "scenario": 1,
        "parent_asset": null,
        "type": "Heat",
        "input_ports": 1,
        "output_ports": 1
    }
},
{
    "model": "projects.connectionlink",
    "pk": 37,
    "fields": {
        "bus": 1,
        "bus_connection_port": "output_1",
        "asset": 1,
        "flow_direction": "B2A",
        "scenario": 1
    }
},
{
    "model": "projects.connectionlink",
    "pk": 38,
    "fields": {
        "bus": 1,
        "bus_connection_port": "output_1",
        "asset": 3,
        "flow_direction": "B2A",
        "scenario": 1
    }
},
{
    "model": "projects.connectionlink",
    "pk": 39,
    "fields": {
        "bus": 2,
        "bus_connection_port": "output_1",
        "asset": 2,
        "flow_direction": "B2A",
        "scenario": 1
    }
},
{
    "model": "projects.connectionlink",
    "pk": 40,
    "fields": {
        "bus": 3,
        "bus_connection_port": "output_1",
        "asset": 7,
        "flow_direction": "B2A",
        "scenario": 1
    }
},
{
    "model": "projects.connectionlink",
    "pk": 41,
    "fields": {
        "bus": 4,
        "bus_connection_port": "output_1",
        "asset": 8,
        "flow_direction": "B2A",
        "scenario": 1
    }
},
{
    "model": "projects.connectionlink",
    "pk": 42,
    "fields": {
        "bus": 2,
        "bus_connection_port": "input_1",
        "asset": 3,
        "flow_direction": "A2B",
        "scenario": 1
    }
},
{
    "model": "projects.connectionlink",
    "pk": 43,
    "fields": {
        "bus": 3,
        "bus_connection_port": "input_1",
        "asset": 4,
        "flow_direction": "A2B",
        "scenario": 1
    }
},
{
    "model": "projects.connectionlink",
    "pk": 44,
    "fields": {
        "bus": 4,
        "bus_connection_port": "input_1",
        "asset": 5,
        "flow_direction": "A2B",
        "scenario": 1
    }
},
{
    "model": "projects.connectionlink",
    "pk": 45,
    "fields": {
        "bus": 1,
        "bus_connection_port": "input_1",
        "asset": 7,
        "flow_direction": "A2B",
        "scenario": 1
    }
},
{
    "model": "projects.connectionlink",
    "pk": 46,
    "fields": {
        "bus": 2,
        "bus_connection_port": "input_1",
        "asset": 8,
        "flow_direction": "A2B",
        "scenario": 1
    }
},
{
    "model": "projects.connectionlink",
    "pk": 47,
    "fields": {
        "bus": 3,
        "bus_connection_port": "input_1",
        "asset": 9,
        "flow_direction": "A2B",
        "scenario": 1
    }
},
{
    "model": "projects.connectionlink",
    "pk": 48,
    "fields": {
        "bus": 4,
        "bus_connection_port": "input_1",
        "asset": 10,
        "flow_direction": "A2B",
        "scenario": 1
    }
},
{
    "model": "projects.simulation",
    "pk": 6,
    "fields": {
        "start_date": "2021-05-23T00:11:51.520",
        "end_date": "2021-05-23T00:11:55.171",
        "elapsed_seconds": 3.0,
        "mvs_token": "1a1ed674-e26d-43b1-8452-ad15cf9f1429",
        "status": "ERROR",
        "scenario": 1,
        "user_rating": null,
        "results": null,
        "errors": "\"Traceback (most recent call last):\\n  File \\\"/queue/tasks.py\\\", line 26, in run_simulation\\n    dict_values = convert_epa_params_to_mvs(simulation_input)\\n  File \\\"/usr/local/lib/python3.7/site-packages/multi_vector_simulator/utils/data_parser.py\\\", line 532, in convert_epa_params_to_mvs\\n    raise (MissingParameterError(\\\"\\\\n\\\".join(error_msg)))\\nmulti_vector_simulator.utils.exceptions.MissingParameterError:  \\n \\nThe following parameter groups and sub parameters are missing from input parameters:\\nenergyConversion\\n\\t`unit` parameter\\n\\t`unit` parameter\\n\""
    }
}
]
